2015/02/23,60,43,44,45,05,13,10,07
2015/05/21,59,16,19,47,18,36,42,46
2015/05/19,58,48,37,27,28,21,33,13
2015/05/17,57,36,21,44,32,37,46,47
2015/05/14,56,48,05,17,22,34,38,02
2015/05/12,55,26,03,15,07,25,47,10
2015/05/10,54,02,15,39,44,38,13,08
2015/05/07,53,14,21,25,07,03,29,06
2015/05/05,52,11,42,43,49,13,41,29
2015/05/02,51,16,49,26,10,07,12,40
2015/04/30,50,08,36,30,42,06,34,12
2015/04/28,49,36,08,28,01,31,45,09
2015/04/25,48,19,24,36,12,49,21,23
2015/04/23,47,08,04,03,36,07,26,31
2015/04/21,46,24,13,48,03,20,43,49
2015/04/18,45,31,29,47,41,12,17,38
2015/04/16,44,05,20,35,01,39,03,28
2015/04/14,43,30,40,35,42,31,48,06
2015/04/11,42,19,17,06,20,18,42,25
2015/04/09,41,11,34,38,31,37,10,14
2015/04/06,40,43,21,46,42,26,24,04
2015/04/04,39,26,44,45,29,12,09,19
2015/04/02,38,04,42,37,12,20,47,35
